"Category","Per Capita Consumption"
"2012-13",914.4106342175086
"2013-14",956.6382874171793
"2014-15",1009.60802699043
"2015-16",1074.646514491741
"2016-17",1121.731963055623
"2017-18",1149.102247331867
"2018-19",1180.856497937833
"2019-20",1207.890924613903
"2020-21",1160.543093266555
"2021-22",1255.139533748563